{
  "kbuild-tool.git": 2.828366994857788, 
  "libsel4utils.git": 3.167943000793457, 
  "libelf.git": 1.62620210647583, 
  "libcpio.git": 1.669306993484497, 
  "sel4-riscv.git": 26.296019077301025, 
  "libplatsupport.git": 7.483256816864014, 
  "libsel4simple-default.git": 1.7951009273529053, 
  "libsel4cspace.git": 2.203220844268799, 
  "common-tool.git": 2.118561029434204, 
  "seL4-riscv-mk.git": 16.320930004119873, 
  "libsel4simple.git": 1.7545750141143799, 
  "libsel4allocman.git": 2.063632011413574, 
  "musllibc.git": 22.426136016845703, 
  "libsel4platsupport.git": 2.038055896759033, 
  "elfloader-tool.git": 2.5521700382232666, 
  "libutils.git": 2.350977897644043, 
  "libsel4simple-stable.git": 1.8228530883789062, 
  "libsel4muslcsys.git": 2.3025171756744385, 
  "libsel4vspace.git": 1.6511290073394775, 
  "libsel4vka.git": 7.649258136749268
}